GLNALKKVFQGFHEAIKLINNHVQ,amp_negc,dbaasp_neg
GTCSFSSALCVVHCRVRGYPDGYCSRKGICTCRR,amp_negc,dbaasp_neg
MRNIKTYLSTVPVLTTLWFGSLAGLLIEINRLFPDALLFPFFSF,amp_negnc,ampep_neg
RICPRILMECKADSDCLAQCICQENGFCG,amp_negnc,ampep_neg
FLSLIPHAINAVSAIAKHN,amp_negnc,ampep_neg
MQDLKTYLSTAPVLAISSFIFLAGLLIEINRFFPDALTFAFF,amp_negnc,ampep_neg
MSKGKKRSGARPGRPQPLRGTKGKRKGARLWYVGGQQF,amp_negnc,ampep_neg
MGKPTFQPNNRKRKKNHGFRARMATKNGRKVLARRRQKGRKVLSA,amp_negnc,ampep_neg
ADSRKPDDRYDMSGNDALGDVKLATYEDNPWETFK,amp_negnc,ampep_neg
ADNRRPIWVMLLSSYWQDGNSLGVDAIMTNYPEDVK,amp_negnc,ampep_neg
GPIQISYNYNYGPCGRYCGILGVSPGDNLDCGNQR,amp_negnc,ampep_neg
FWGSGPFGMFPGGWGGPWNSPWYGPYGGYPYGGYGYPYGL,amp_negnc,ampep_neg
MKRTFQPSVVHRKRTHGFRARMATKSGRLVLKRRRAKGRQRLCP,amp_negnc,ampep_neg
IIDYYDEGEEDRDVGVVDAR,amp_negnc,ampep_neg
QPNPNEFFGLM,amp_negnc,ampep_neg
IIGGDECNINEHRFL,amp_negnc,ampep_neg
QGPWMEEEEAAYGWMDF,amp_negnc,ampep_neg
MVKRKANHVINGMNDAKSQGKGAGYIENDQLVLTEEERQNNKKRKTNQ,amp_negnc,ampep_neg
DLWNSIKDMAAAAGRAALNAVTGMVNQ,amp_negnc,ampep_neg
NNRSPQLRLRF,amp_negnc,ampep_neg
MSQISTKHRTVLFRRWMAIICCLIINIAYLVY,amp_negnc,ampep_neg
LQVDYLVLEVA,amp_negnc,ampep_neg
MEALVYTFLLVSTLGIIFFAIFFREPPKVPVPTKKAK,amp_negnc,ampep_neg
EQSAGFREYIDFFDGYSLTY,amp_negnc,ampep_neg
CYINNCPVG,amp_negnc,ampep_neg
SNGSNIDVAGAVNTLVETAGKLFQ,amp_negnc,ampep_neg
ALWFTMLKKLGTMALHAGKAALGAAANTISQGTQ,amp_negnc,ampep_neg
MFTIITYFGLLLAALALAVVLFVGLSKIELI,amp_negnc,ampep_neg
MRNDVLTLTNPMEEKELEQILGGGNGVLKTISHECNMNTWQFLFTCC,amp_negnc,ampep_neg
SENTGAIGKVFPRGNHWAVGHLM,amp_negnc,ampep_neg
GYYYPYHGGHYYGAHYGGYPYGHFYNYRHTPYYSGLRYYGSYGYPHHF,amp_negnc,ampep_neg
APTAFYGVR,amp_negnc,ampep_neg
MKRTFQPSNLRRARTHGFRERMSTKNGRKVLARRRAKGRKTLTA,amp_negnc,ampep_neg
MKRTFQPSVLKRNRSHGFRARMANKNGRQVLARRRAKGRTRLTVSH,amp_negnc,ampep_neg
APLEPVYPGDNATPEQMAQYAAELRRYINMLTRPRY,amp_negnc,ampep_neg
GLLDSLKGFAATAGKGVLQSLLSTASCKLAKTC,amp_negnc,ampep_neg
MLTLKIAVYIVVAFFISLFVFGFLSSDPTRNPGRKDFE,amp_negnc,ampep_neg
