GLNALKKVFQGFHEAIKLINNHVQ,dbaasp_neg
GTCSFSSALCVVHCRVRGYPDGYCSRKGICTCRR,dbaasp_neg
MRNIKTYLSTVPVLTTLWFGSLAGLLIEINRLFPDALLFPFFSF,ampep_neg
RICPRILMECKADSDCLAQCICQENGFCG,ampep_neg
FLSLIPHAINAVSAIAKHN,ampep_neg
MQDLKTYLSTAPVLAISSFIFLAGLLIEINRFFPDALTFAFF,ampep_neg
MSKGKKRSGARPGRPQPLRGTKGKRKGARLWYVGGQQF,ampep_neg
MGKPTFQPNNRKRKKNHGFRARMATKNGRKVLARRRQKGRKVLSA,ampep_neg
ADSRKPDDRYDMSGNDALGDVKLATYEDNPWETFK,ampep_neg
ADNRRPIWVMLLSSYWQDGNSLGVDAIMTNYPEDVK,ampep_neg
GPIQISYNYNYGPCGRYCGILGVSPGDNLDCGNQR,ampep_neg
FWGSGPFGMFPGGWGGPWNSPWYGPYGGYPYGGYGYPYGL,ampep_neg
MKRTFQPSVVHRKRTHGFRARMATKSGRLVLKRRRAKGRQRLCP,ampep_neg
IIDYYDEGEEDRDVGVVDAR,ampep_neg
QPNPNEFFGLM,ampep_neg
IIGGDECNINEHRFL,ampep_neg
QGPWMEEEEAAYGWMDF,ampep_neg
MVKRKANHVINGMNDAKSQGKGAGYIENDQLVLTEEERQNNKKRKTNQ,ampep_neg
DLWNSIKDMAAAAGRAALNAVTGMVNQ,ampep_neg
NNRSPQLRLRF,ampep_neg
MSQISTKHRTVLFRRWMAIICCLIINIAYLVY,ampep_neg
LQVDYLVLEVA,ampep_neg
MEALVYTFLLVSTLGIIFFAIFFREPPKVPVPTKKAK,ampep_neg
EQSAGFREYIDFFDGYSLTY,ampep_neg
CYINNCPVG,ampep_neg
SNGSNIDVAGAVNTLVETAGKLFQ,ampep_neg
ALWFTMLKKLGTMALHAGKAALGAAANTISQGTQ,ampep_neg
MFTIITYFGLLLAALALAVVLFVGLSKIELI,ampep_neg
MRNDVLTLTNPMEEKELEQILGGGNGVLKTISHECNMNTWQFLFTCC,ampep_neg
SENTGAIGKVFPRGNHWAVGHLM,ampep_neg
GYYYPYHGGHYYGAHYGGYPYGHFYNYRHTPYYSGLRYYGSYGYPHHF,ampep_neg
APTAFYGVR,ampep_neg
MKRTFQPSNLRRARTHGFRERMSTKNGRKVLARRRAKGRKTLTA,ampep_neg
MKRTFQPSVLKRNRSHGFRARMANKNGRQVLARRRAKGRTRLTVSH,ampep_neg
APLEPVYPGDNATPEQMAQYAAELRRYINMLTRPRY,ampep_neg
GLLDSLKGFAATAGKGVLQSLLSTASCKLAKTC,ampep_neg
MLTLKIAVYIVVAFFISLFVFGFLSSDPTRNPGRKDFE,ampep_neg
