SCDSEFSSEFCEQPEERICSCSTHVCCHLSSSKRDQCMTWNRCLSAQTGN,satpdb_pos
HQK,satpdb_pos
CCHPACGKHFSC,satpdb_pos
AVKPPWRCKAAFC,satpdb_pos
PLVEGQLGENNELRL,satpdb_pos
GGLFYVKHKEQQRKRF,satpdb_pos
EVVRNPQSCRWNMGVCIPISCPGNMRQIGTCFGPRVPCCR,satpdb_pos
LRW,satpdb_pos
AFCNLRMCQLSCRSLGLLGKCIGDKCECVKH,satpdb_pos
RA,satpdb_pos
DEKPKLILPTPAPPNLPQLVGGGGGNRKDGFGVSVDAHQKVWTSDNGGHS,satpdb_pos
HAWNYIF,satpdb_pos
GKFSVFSKILRSIAKVFKGVGKVRKGFKTASDLDKNQ,satpdb_pos
IICAPEGGPCVAGIGCCAGLRCSGAKLGLAGSCQ,satpdb_pos
CMQSAAAHC,satpdb_pos
CHNLKRPTC,satpdb_pos
HSDGTFTSELSRLREGARLQRLLQGLV,satpdb_pos
GIWDTIKSMGKVFAGKILQN,satpdb_pos
PFP,satpdb_pos
PG,satpdb_pos
GAKTETLVIPETELEAC,satpdb_pos
GRRPMKLNKTP,satpdb_pos
ILMCFSIDS,satpdb_pos
MPRYRLFRRIDRVGK,satpdb_pos
ACGWAGIKQEF,satpdb_pos
GDCSCEGQICKCGYRVSPGKSGCACTCRNAK,satpdb_pos
ECTRSGGACNSHTQCCDHFCSTATSTCI,satpdb_pos
VIPFVASVAAEMMQHVYCAASKKC,satpdb_pos
MG,satpdb_pos
AGVEAIIRILQQLLF,satpdb_pos
ACVPVYKECWYPQKPCCEDRVCQCSFGMTN,satpdb_pos
GLLSGILGTGKHIVCGLSGLC,satpdb_pos
CRGSGAGRC,satpdb_pos
GSVFNCGETCVLGTCYTPGCTCNTYRVCTKD,satpdb_pos
PGG,satpdb_pos
LDTIKCLQGNNNCHIQKCPWFLLQVSTCYKGKGRCCQKRRWFARSHVYHV,satpdb_pos
FYDPLVFPSDEFDASISQVNEKINQSLAFIRKSDE,satpdb_pos
KKKKVVAPTYVFV,satpdb_pos
TLPSPLALLTVH,satpdb_pos
KWKLFKKGIGAVLKV,satpdb_pos
ALEP,satpdb_pos
GDCGGTCTWTKDCSICPSWSCWSWSC,satpdb_pos
CVNWKKILGKIIKVVK,satpdb_pos
RRLHPQHQRFPRERPWPKPLSLPLPRPGPRPWPKPL,satpdb_pos
MLQNSAVLLLLVISASA,satpdb_pos
CVKRGLKLRHVRPRVTRDV,satpdb_pos
KQNAANILRLKESIAATNEAVHEV,satpdb_pos
QLGLQDPPHMVADLSKKQGPWVEEEEAAYGWMDF,satpdb_pos
TCLARDELCGASFLSNFLCCDGLCLLICV,satpdb_pos
MDIIIIVGG,satpdb_pos
ERVCCGYPMSCKSRACKPSYCC,satpdb_pos
MEPECNLNCTD,satpdb_pos
FLWGLIPGAISAVTSLIKK,satpdb_pos
IPQEVLP,satpdb_pos
VRLIWAVRIWRR,satpdb_pos
HY,satpdb_pos
SDHSESIQKKFQLMKEHVNKIGVDS,satpdb_pos
VGSGGCMFGNGK,satpdb_pos
YGGFMTSEKSQTPLVTLFKNAIIKNVHKKGQ,satpdb_pos
ACWWAGIAQEF,satpdb_pos
KVVKQWPIGKVVKKVVKKVVK,satpdb_pos
KRDPQQREYEDCRRRCEQQEPRQQYQCQRRCREQQ,satpdb_pos
TTN,satpdb_pos
LHCHEISDLTPWILCSPEPLCGGKGCCAQEVCDCSGPVCTCPPCL,satpdb_pos
MPLSWFFPRTWGKR,satpdb_pos
FRIRVRV,satpdb_pos
KFPKFRRGIPFLFV,satpdb_pos
SDGRDDEAKDKRSDMYESDRNGRCCHPSCGRKYNCGR,satpdb_pos
GWKIGKKLEHHGQNIRDGLISAGPAVFAVGQAATIYAAAK,satpdb_pos
GPIRRPKPRPRQRPE,satpdb_pos
RIPTGERVWDRGNVTLLCDC,satpdb_pos
MEHFRW,satpdb_pos
CSAPFTKSC,satpdb_pos
