MISDEQLNSLAITFGIVMMTLIVIYHAVDSTMSPKN,unk,uniprot
LNWGAILKHIIK,unk,uniprot
MKPRLCFNFRRRSISPCYISISYLLVAKLFKLFKIH,unk,uniprot
AITCGQVSSALSSCLGYLKNGGAVPPGSSCGIKNLNSA,unk,uniprot
MDAAHLSDLDIDALEISEFLDESRLEDSEVVAKVMSASCTTCECCCSCSS,unk,uniprot
SMIGGVMSKG,unk,uniprot
STQMLSPPERPREFRHPNELRQYLKELNEYYAIMGRTRF,unk,uniprot
YSQVARPRF,unk,uniprot
YPSKPDNPGEDAPAEDMARYYSALRHYINLITRQRY,unk,uniprot
MNELTLIDFYLCFLAFLLFLVLIMLIIFWFSLEIQDLEEPCTKV,unk,uniprot
MKLLIVLTCISLCSCICTVVQRCASNKPHVLEDPCKVQH,unk,uniprot
MNRLLQRQLFLENLLVGVNSTFHQM,unk,uniprot
MTATILVADDDAAIRTVLNQALSRAG,unk,uniprot
PVNIYVIMADQGPAHLPVSLAVHTDMLEYVPVSKDEYFQKLKKA,unk,uniprot
MPLNIQNIIIIINSSLIIILFSSIFFFQLT,unk,uniprot
DCCRKPFRKHCWDCTAGTPYYGYSTRNIFGCTC,unk,uniprot
LIGLVSKGTCVLVKTVCKKVLKQ,unk,uniprot
GGVPCLCDSDGPSVRGNTLSGIIWLAGCPSGWHNCKAHGPTIGWCCKQ,unk,uniprot
GAACFCDSDGPSVSGNTLSGILWLAGCPSGWHNCKAHGPNIGWCCKK,unk,uniprot
GVSCLCDSDGPSVRGNTLSGILWFYPSGCPSGWHNCKAHGPTIGWCCKQ,unk,uniprot
GCASRCKAKCAGRRCKGWASASFRGRCYCKCFRC,unk,uniprot
SCASRCKGHCRARRCGYYVSVLYRGRCYCKCLRC,unk,uniprot
FGVLAVTSR,unk,uniprot
GLTDQKSAPPGL,unk,uniprot
KHFGKDSNFPFGT,unk,uniprot
FGVLNFF,unk,uniprot
VTMGYIKDGDGKKIAKKKNKNGRKHVEIDLNKVG,unk,uniprot
GLVGEIISRGDFAIDIGR,unk,uniprot
AQAAPVPRPVXLSKKTDSF,unk,uniprot
MDPTISVSK,unk,uniprot
MKYSLWA,unk,uniprot
MALNIASI,unk,uniprot
MTEIDNLTS,unk,uniprot
MEAEQNQE,unk,uniprot
MSSDMRVH,unk,uniprot
MKTLIVE,unk,uniprot
MDQFISAFL,unk,uniprot
MGDAQMAE,unk,uniprot
MERRNHTG,unk,uniprot
LVVWGRNGL,unk,uniprot
MKTWGNLV,unk,uniprot
MGFMVADLW,unk,uniprot
RMPFLMAT,unk,uniprot
IEYNIIRV,unk,uniprot
WVEKETYY,unk,uniprot
KQGISGPL,unk,uniprot
RKQGISGPL,unk,uniprot
QVNFTPGW,unk,uniprot
AYMLKYDST,unk,uniprot
MFWKFDLH,unk,uniprot
CFIRNCPKG,unk,uniprot
MDSKYQCVK,unk,uniprot
RQLASAVPQ,unk,uniprot
MPRNPNSFR,unk,uniprot
MKMASNDAA,unk,uniprot
FVNEDGVD,unk,uniprot
SPHTYVIY,unk,uniprot
MAWAESAVE,unk,uniprot
KLCLGWLWG,unk,uniprot
MHNKIPKGS,unk,uniprot
MQLFHLCLI,unk,uniprot
MDIDPYNG,unk,uniprot
MENMHQDP,unk,uniprot
MDIDPYKE,unk,uniprot
PEFVNDDGV,unk,uniprot
MSLLTEVET,unk,uniprot
MSSDDNNI,unk,uniprot
MSSDDNNIR,unk,uniprot
VGTRHDFMF,unk,uniprot
EFVNDDGV,unk,uniprot
DILKRMSK,unk,uniprot
DQGLFKVL,unk,uniprot
SFVNEDGVE,unk,uniprot
MAFLMSEFV,unk,uniprot
QREARPGCL,unk,uniprot
MQLFHLCL,unk,uniprot
RSRGARRD,unk,uniprot
MSRRNPCKY,unk,uniprot
NPSLFPSA,unk,uniprot
MDIDHYKEF,unk,uniprot
MNNEIPKRS,unk,uniprot
MAARLCCQ,unk,uniprot
MAARLYCQ,unk,uniprot
MESTTSGF,unk,uniprot
MEEIKPISV,unk,uniprot
MPRVYSPT,unk,uniprot
THVSEDRVL,unk,uniprot
SHRELEKTP,unk,uniprot
MAARMYCQ,unk,uniprot
PCNFFTSA,unk,uniprot
MAARVCCQL,unk,uniprot
MKMASSDAA,unk,uniprot
FVNEDGVE,unk,uniprot
MDVNPTLL,unk,uniprot
MVGWWGINV,unk,uniprot
MANRLVFL,unk,uniprot
MKTRCSPV,unk,uniprot
GTKRKRKN,unk,uniprot
MIQCSTVA,unk,uniprot
SNTVSSFQ,unk,uniprot
