WGIRRILKYGKRS,amp_posc,dbaasp_pos
LRKRLRKFRNKIKEKLKKIGQKIQGFVPKL,amp_posc,dbaasp_pos
SCDSEFSSEFCEQPEERICSCSTHVCCHLSSSKRDQCMTWNRCLSAQTGN,amp_posc,satpdb_pos
HQK,amp_posc,satpdb_pos
CCHPACGKHFSC,amp_posc,satpdb_pos
AVKPPWRCKAAFC,amp_posc,satpdb_pos
PLVEGQLGENNELRL,amp_posc,satpdb_pos
GGLFYVKHKEQQRKRF,amp_posc,satpdb_pos
EVVRNPQSCRWNMGVCIPISCPGNMRQIGTCFGPRVPCCR,amp_posc,satpdb_pos
LRW,amp_posc,satpdb_pos
AFCNLRMCQLSCRSLGLLGKCIGDKCECVKH,amp_posc,satpdb_pos
RA,amp_posc,satpdb_pos
DEKPKLILPTPAPPNLPQLVGGGGGNRKDGFGVSVDAHQKVWTSDNGGHS,amp_posc,satpdb_pos
HAWNYIF,amp_posc,satpdb_pos
GKFSVFSKILRSIAKVFKGVGKVRKGFKTASDLDKNQ,amp_posc,satpdb_pos
IICAPEGGPCVAGIGCCAGLRCSGAKLGLAGSCQ,amp_posc,satpdb_pos
CMQSAAAHC,amp_posc,satpdb_pos
CHNLKRPTC,amp_posc,satpdb_pos
HSDGTFTSELSRLREGARLQRLLQGLV,amp_posc,satpdb_pos
GIWDTIKSMGKVFAGKILQN,amp_posc,satpdb_pos
PFP,amp_posc,satpdb_pos
PG,amp_posc,satpdb_pos
GAKTETLVIPETELEAC,amp_posc,satpdb_pos
GRRPMKLNKTP,amp_posc,satpdb_pos
ILMCFSIDS,amp_posc,satpdb_pos
MPRYRLFRRIDRVGK,amp_posc,satpdb_pos
ACGWAGIKQEF,amp_posc,satpdb_pos
GDCSCEGQICKCGYRVSPGKSGCACTCRNAK,amp_posc,satpdb_pos
ECTRSGGACNSHTQCCDHFCSTATSTCI,amp_posc,satpdb_pos
VIPFVASVAAEMMQHVYCAASKKC,amp_posc,satpdb_pos
MG,amp_posc,satpdb_pos
AGVEAIIRILQQLLF,amp_posc,satpdb_pos
ACVPVYKECWYPQKPCCEDRVCQCSFGMTN,amp_posc,satpdb_pos
GLLSGILGTGKHIVCGLSGLC,amp_posc,satpdb_pos
CRGSGAGRC,amp_posc,satpdb_pos
GSVFNCGETCVLGTCYTPGCTCNTYRVCTKD,amp_posc,satpdb_pos
PGG,amp_posc,satpdb_pos
LDTIKCLQGNNNCHIQKCPWFLLQVSTCYKGKGRCCQKRRWFARSHVYHV,amp_posc,satpdb_pos
FYDPLVFPSDEFDASISQVNEKINQSLAFIRKSDE,amp_posc,satpdb_pos
KKKKVVAPTYVFV,amp_posc,satpdb_pos
TLPSPLALLTVH,amp_posc,satpdb_pos
KWKLFKKGIGAVLKV,amp_posc,satpdb_pos
ALEP,amp_posc,satpdb_pos
GDCGGTCTWTKDCSICPSWSCWSWSC,amp_posc,satpdb_pos
CVNWKKILGKIIKVVK,amp_posc,satpdb_pos
RRLHPQHQRFPRERPWPKPLSLPLPRPGPRPWPKPL,amp_posc,satpdb_pos
MLQNSAVLLLLVISASA,amp_posc,satpdb_pos
CVKRGLKLRHVRPRVTRDV,amp_posc,satpdb_pos
KQNAANILRLKESIAATNEAVHEV,amp_posc,satpdb_pos
QLGLQDPPHMVADLSKKQGPWVEEEEAAYGWMDF,amp_posc,satpdb_pos
TCLARDELCGASFLSNFLCCDGLCLLICV,amp_posc,satpdb_pos
MDIIIIVGG,amp_posc,satpdb_pos
ERVCCGYPMSCKSRACKPSYCC,amp_posc,satpdb_pos
MEPECNLNCTD,amp_posc,satpdb_pos
FLWGLIPGAISAVTSLIKK,amp_posc,satpdb_pos
IPQEVLP,amp_posc,satpdb_pos
VRLIWAVRIWRR,amp_posc,satpdb_pos
HY,amp_posc,satpdb_pos
SDHSESIQKKFQLMKEHVNKIGVDS,amp_posc,satpdb_pos
VGSGGCMFGNGK,amp_posc,satpdb_pos
YGGFMTSEKSQTPLVTLFKNAIIKNVHKKGQ,amp_posc,satpdb_pos
ACWWAGIAQEF,amp_posc,satpdb_pos
KVVKQWPIGKVVKKVVKKVVK,amp_posc,satpdb_pos
KRDPQQREYEDCRRRCEQQEPRQQYQCQRRCREQQ,amp_posc,satpdb_pos
TTN,amp_posc,satpdb_pos
LHCHEISDLTPWILCSPEPLCGGKGCCAQEVCDCSGPVCTCPPCL,amp_posc,satpdb_pos
MPLSWFFPRTWGKR,amp_posc,satpdb_pos
FRIRVRV,amp_posc,satpdb_pos
KFPKFRRGIPFLFV,amp_posc,satpdb_pos
SDGRDDEAKDKRSDMYESDRNGRCCHPSCGRKYNCGR,amp_posc,satpdb_pos
GWKIGKKLEHHGQNIRDGLISAGPAVFAVGQAATIYAAAK,amp_posc,satpdb_pos
GPIRRPKPRPRQRPE,amp_posc,satpdb_pos
RIPTGERVWDRGNVTLLCDC,amp_posc,satpdb_pos
MEHFRW,amp_posc,satpdb_pos
CSAPFTKSC,amp_posc,satpdb_pos
AACSDRAHGHICESFKSFCKDSGRNGVKLRANCKKTCGLC,amp_posc,ampep_pos
AAFRGCWTKNYSPKPCL,amp_posc,ampep_pos
AAGMGFFGAR,amp_posc,ampep_pos
AAKPMGITCDLLSLWKVGHAACAAHCLVLGDVGGYCTKEGLCVCKE,amp_posc,ampep_pos
AALKGCWTKSIPPKPCFGKR,amp_posc,ampep_pos
AALKGCWTKSIPPKPCSGKR,amp_posc,ampep_pos
AALRGCWTKSIPPKPCPGKR,amp_posc,ampep_pos
AALRGCWTKSIPPKPCSGKR,amp_posc,ampep_pos
AANFGPSVFTPEVHETWQKFLNVVVAALGKQYH,amp_posc,ampep_pos
AAPRGGKGFFCKLFKDC,amp_posc,ampep_pos
ACAAHCLLRGNRGGYCNGKG,amp_posc,ampep_pos
ACDTATCVTHRLAGLLSRSGGVVKNNFVPTNVGSKAF,amp_posc,ampep_pos
ACHAHCQSVGRRGGYCGNFRMTCYCY,amp_posc,ampep_pos
ACIKNGGRCVASGGPPYCCSNYCLQIAGQSYGVCKKH,amp_posc,ampep_pos
ACNFQSCWATCQAQHSIYFRRAFCDRSQCKCVFVRG,amp_posc,ampep_pos
ACQCPDAISGWTHTDYQCHGLENKMYRHVYAICMNGTQVYCRTEWGSSC,amp_posc,ampep_pos
ACQFWSCNSSCISRGYRQGYCWGIQYKYCQCQ,amp_posc,ampep_pos
ACSAG,amp_posc,ampep_pos
ACYCRIGACVSGERLTGACGLNGRIYRLCCR,amp_posc,ampep_pos
ACYCRIPACFAGERRYGTCFYLGRVWAFCC,amp_posc,ampep_pos
ACYCRIPACIAGERRYGTCIYQGRLWAFCC,amp_posc,ampep_pos
ACYCRIPACLAGERRYGTCFYLGRVWAFCC,amp_posc,ampep_pos
ACYCRIPACLAGERRYGTCFYMGRVWAFCC,amp_posc,ampep_pos
ACYCRIPACLAGERRYGTCFYRRRVWAFCC,amp_posc,ampep_pos
ADDKNPLEEAFREADYEVFLEIAKNGL,amp_posc,ampep_pos
ADNKNPLEECFRETNYEEFLEIAR,amp_posc,ampep_pos
ADRGWIKTLTKDCPNVISSICAGTIITACKNCA,amp_posc,ampep_pos
ADTLACRQSHGSCSFVACRAPSVDIGTCRGGLKKCCKW,amp_posc,ampep_pos
ADTLACRQSHQSCSFVACRAPSVDIGTCRGGKLKCCKWAPSS,amp_posc,ampep_pos
AERVGAGAPVYL,amp_posc,ampep_pos
AEVAPAPAAAAPAKAPKKKAAAKPKKAGPS,amp_posc,ampep_pos
AFKLLGRIIHHVGNFVYGFSHVF,amp_posc,ampep_pos
AFTCHCRRSCYSTEYSYGTCTVMGINHRFCCL,amp_posc,ampep_pos
AGCIKNGGRCNASAGPPYCCSSYCFQIAGQSYGVCKNR,amp_posc,ampep_pos
AGFVLKGYTKTSQ,amp_posc,ampep_pos
AGIGKIGDFIKKAIAKYKN,amp_posc,ampep_pos
AGRGKQGGKVRAKAKTRSSRAGLQFPVGRVHRLLRKGNY,amp_posc,ampep_pos
AGWGSIFKHIFKAGKFIHGAIQAHND,amp_posc,ampep_pos
AGWLRKLGKKIERIGQHTRDASIQVLGIAQQAANVAATAR,amp_posc,ampep_pos
AGYLLGKINLKALAALAKKIL,amp_posc,ampep_pos
AHCLAIGRK,amp_posc,ampep_pos
AHDRNPLEEYFRETDYEEFL,amp_posc,ampep_pos
AIGSILGALAKGLPTLISWIKNR,amp_posc,ampep_pos
AIHDILKYGKPS,amp_posc,ampep_pos
AIHRALICKRMEGHCEAECLTFEAKIGGCRAELAPFCCKNRKKH,amp_posc,ampep_pos
AIHRALICKRMEGHCEAECLTFEVKIGGCRAELAPFCCKNRKKH,amp_posc,ampep_pos
AIHRALICKRMEGHCEAECLTFEVKIGGCRAELTPYCCKKRKKD,amp_posc,ampep_pos
AIHRALISKRMEGHCEAECLTFEVKTGGCRAELAPFCCKNRKKH,amp_posc,ampep_pos
AIKLVQSPNGNFAASFVLDGTKWIFKSKYYDSSKGYWVGIYEVWDRK,amp_posc,ampep_pos
AILTTLANWARKFL,amp_posc,ampep_pos
AIMDTIKDTAKTVAVGLLNKLKCKITGC,amp_posc,ampep_pos
AIPCGESCVWIPCISTVIGCSCSNKVCYR,amp_posc,ampep_pos
AISCGQVSSAIGPCLSYARGQGSAPSAGCC,amp_posc,ampep_pos
AISYGNGVYCNKEKCWVNKAENKQAITGIVIGGWASSLAGMGH,amp_posc,ampep_pos
AKAWGIPPHVIPQIVPVRIRPLCGNV,amp_posc,ampep_pos
AKCIKNGKGCREDQGPPFCCSGFCYRQVGWARGYCKNR,amp_posc,ampep_pos
AKEFGIPAAVAGTVLNVVEAGGWVTTIVSI,amp_posc,ampep_pos
AKIPIKAIKTVGKAVGKGLRAINIASTANDVFNFLKPKKRKA,amp_posc,ampep_pos
AKIPIKAIKTVGKAVGKGLRAINIASTANDVFNFLKPKKRKH,amp_posc,ampep_pos
AKKVFKRLEKLFSKIQNDK,amp_posc,ampep_pos
AKRGGFWRKVGRKLGKGIRKIGKTIKSQLGKFRPRLQYRYQF,amp_posc,ampep_pos
ALFSILRGLKKLGKMGQAFVNCEIYKKC,amp_posc,ampep_pos
ALFSILRGLKKLGNMGQAFVNCKIYKKC,amp_posc,ampep_pos
ALGGLLADVVKSKEQPA,amp_posc,ampep_pos
ALKAALLAILKIVRVIKK,amp_posc,ampep_pos
ALKAVPAVMGMIKKE,amp_posc,ampep_pos
ALLDKLKSLGKVVGKVAIGVAQHYLNPQ,amp_posc,ampep_pos
ALLDKLKSLGKVVGKVAIGVAQHYLNPQQ,amp_posc,ampep_pos
ALLDKLKSLGKVVGKVALGVAQHYLNPQQ,amp_posc,ampep_pos
ALLDKLKSLGKVVGKVALGVVQNYLNPRQ,amp_posc,ampep_pos
ALLGDFFRKSKEKIGKEFKRIVQRIKDFLRNLVPRTES,amp_posc,ampep_pos
ALLHHGLNCAKGVLA,amp_posc,ampep_pos
ALLLAIRKR,amp_posc,ampep_pos
ALPKKLKYLNLFNDGFNYMGVV,amp_posc,ampep_pos
ALRLAIRKR,amp_posc,ampep_pos
ALSILKGLEKLAKMGIALTNCKATKKC,amp_posc,ampep_pos
ALSILRGLEKLAKMGIALTNCKATKKC,amp_posc,ampep_pos
ALWFTMLKKLGTMALHAGKAALGAAANTISQGTQ,amp_posc,ampep_pos
ALWKDILKNAGKAALNEINQIVQ,amp_posc,ampep_pos
ALWKDILKNAGKAALNEINQLVNQ,amp_posc,ampep_pos
ALWKDILKNVGKAAGKAVLNTVTDMVNQ,amp_posc,ampep_pos
ALWKDVLKKIGTVALHAGKAALGAVADTISQ,amp_posc,ampep_pos
ALWKNMLKGIGKLAGKAALGAVKKLVGAES,amp_posc,ampep_pos
ALWKNMLKGIGKLAGQAALGAVKTLVGA,amp_posc,ampep_pos
ALWKNMLKGIGKLAGQAALGAVKTLVGAE,amp_posc,ampep_pos
ALWKNMLKGIGKLAGQAALGAVKTLVGAES,amp_posc,ampep_pos
ALWKTIIKGAGKMIGSLAKNLLGSQAQPES,amp_posc,ampep_pos
ALWKTLLKKVGKVAGKAVLNAVTNMANQNEQ,amp_posc,ampep_pos
ALWKTLLKNVGKAAGKAALNAVTDMVNQ,amp_posc,ampep_pos
ALWKTMLKKLGTMALHAGKAAFGAAADTISQ,amp_posc,ampep_pos
ALWKTMLKKLGTMALHAGKAALGAAADTISQGTQ,amp_posc,ampep_pos
ALWLAIRKR,amp_posc,ampep_pos
ALWMTLLKKVLKAAAKALNAVLVGANA,amp_posc,ampep_pos
