AACSDRAHGHICESFKSFCKDSGRNGVKLRANCKKTCGLC,ampep_pos
AAFRGCWTKNYSPKPCL,ampep_pos
AAGMGFFGAR,ampep_pos
AAKPMGITCDLLSLWKVGHAACAAHCLVLGDVGGYCTKEGLCVCKE,ampep_pos
AALKGCWTKSIPPKPCFGKR,ampep_pos
AALKGCWTKSIPPKPCSGKR,ampep_pos
AALRGCWTKSIPPKPCPGKR,ampep_pos
AALRGCWTKSIPPKPCSGKR,ampep_pos
AANFGPSVFTPEVHETWQKFLNVVVAALGKQYH,ampep_pos
AAPRGGKGFFCKLFKDC,ampep_pos
ACAAHCLLRGNRGGYCNGKG,ampep_pos
ACDTATCVTHRLAGLLSRSGGVVKNNFVPTNVGSKAF,ampep_pos
ACHAHCQSVGRRGGYCGNFRMTCYCY,ampep_pos
ACIKNGGRCVASGGPPYCCSNYCLQIAGQSYGVCKKH,ampep_pos
ACNFQSCWATCQAQHSIYFRRAFCDRSQCKCVFVRG,ampep_pos
ACQCPDAISGWTHTDYQCHGLENKMYRHVYAICMNGTQVYCRTEWGSSC,ampep_pos
ACQFWSCNSSCISRGYRQGYCWGIQYKYCQCQ,ampep_pos
ACSAG,ampep_pos
ACYCRIGACVSGERLTGACGLNGRIYRLCCR,ampep_pos
ACYCRIPACFAGERRYGTCFYLGRVWAFCC,ampep_pos
ACYCRIPACIAGERRYGTCIYQGRLWAFCC,ampep_pos
ACYCRIPACLAGERRYGTCFYLGRVWAFCC,ampep_pos
ACYCRIPACLAGERRYGTCFYMGRVWAFCC,ampep_pos
ACYCRIPACLAGERRYGTCFYRRRVWAFCC,ampep_pos
ADDKNPLEEAFREADYEVFLEIAKNGL,ampep_pos
ADNKNPLEECFRETNYEEFLEIAR,ampep_pos
ADRGWIKTLTKDCPNVISSICAGTIITACKNCA,ampep_pos
ADTLACRQSHGSCSFVACRAPSVDIGTCRGGLKKCCKW,ampep_pos
ADTLACRQSHQSCSFVACRAPSVDIGTCRGGKLKCCKWAPSS,ampep_pos
AERVGAGAPVYL,ampep_pos
AEVAPAPAAAAPAKAPKKKAAAKPKKAGPS,ampep_pos
AFKLLGRIIHHVGNFVYGFSHVF,ampep_pos
AFTCHCRRSCYSTEYSYGTCTVMGINHRFCCL,ampep_pos
AGCIKNGGRCNASAGPPYCCSSYCFQIAGQSYGVCKNR,ampep_pos
AGFVLKGYTKTSQ,ampep_pos
AGIGKIGDFIKKAIAKYKN,ampep_pos
AGRGKQGGKVRAKAKTRSSRAGLQFPVGRVHRLLRKGNY,ampep_pos
AGWGSIFKHIFKAGKFIHGAIQAHND,ampep_pos
AGWLRKLGKKIERIGQHTRDASIQVLGIAQQAANVAATAR,ampep_pos
AGYLLGKINLKALAALAKKIL,ampep_pos
AHCLAIGRK,ampep_pos
AHDRNPLEEYFRETDYEEFL,ampep_pos
AIGSILGALAKGLPTLISWIKNR,ampep_pos
AIHDILKYGKPS,ampep_pos
AIHRALICKRMEGHCEAECLTFEAKIGGCRAELAPFCCKNRKKH,ampep_pos
AIHRALICKRMEGHCEAECLTFEVKIGGCRAELAPFCCKNRKKH,ampep_pos
AIHRALICKRMEGHCEAECLTFEVKIGGCRAELTPYCCKKRKKD,ampep_pos
AIHRALISKRMEGHCEAECLTFEVKTGGCRAELAPFCCKNRKKH,ampep_pos
AIKLVQSPNGNFAASFVLDGTKWIFKSKYYDSSKGYWVGIYEVWDRK,ampep_pos
AILTTLANWARKFL,ampep_pos
AIMDTIKDTAKTVAVGLLNKLKCKITGC,ampep_pos
AIPCGESCVWIPCISTVIGCSCSNKVCYR,ampep_pos
AISCGQVSSAIGPCLSYARGQGSAPSAGCC,ampep_pos
AISYGNGVYCNKEKCWVNKAENKQAITGIVIGGWASSLAGMGH,ampep_pos
AKAWGIPPHVIPQIVPVRIRPLCGNV,ampep_pos
AKCIKNGKGCREDQGPPFCCSGFCYRQVGWARGYCKNR,ampep_pos
AKEFGIPAAVAGTVLNVVEAGGWVTTIVSI,ampep_pos
AKIPIKAIKTVGKAVGKGLRAINIASTANDVFNFLKPKKRKA,ampep_pos
AKIPIKAIKTVGKAVGKGLRAINIASTANDVFNFLKPKKRKH,ampep_pos
AKKVFKRLEKLFSKIQNDK,ampep_pos
AKRGGFWRKVGRKLGKGIRKIGKTIKSQLGKFRPRLQYRYQF,ampep_pos
ALFSILRGLKKLGKMGQAFVNCEIYKKC,ampep_pos
ALFSILRGLKKLGNMGQAFVNCKIYKKC,ampep_pos
ALGGLLADVVKSKEQPA,ampep_pos
ALKAALLAILKIVRVIKK,ampep_pos
ALKAVPAVMGMIKKE,ampep_pos
ALLDKLKSLGKVVGKVAIGVAQHYLNPQ,ampep_pos
ALLDKLKSLGKVVGKVAIGVAQHYLNPQQ,ampep_pos
ALLDKLKSLGKVVGKVALGVAQHYLNPQQ,ampep_pos
ALLDKLKSLGKVVGKVALGVVQNYLNPRQ,ampep_pos
ALLGDFFRKSKEKIGKEFKRIVQRIKDFLRNLVPRTES,ampep_pos
ALLHHGLNCAKGVLA,ampep_pos
ALLLAIRKR,ampep_pos
ALPKKLKYLNLFNDGFNYMGVV,ampep_pos
ALRLAIRKR,ampep_pos
ALSILKGLEKLAKMGIALTNCKATKKC,ampep_pos
ALSILRGLEKLAKMGIALTNCKATKKC,ampep_pos
ALWFTMLKKLGTMALHAGKAALGAAANTISQGTQ,ampep_pos
ALWKDILKNAGKAALNEINQIVQ,ampep_pos
ALWKDILKNAGKAALNEINQLVNQ,ampep_pos
ALWKDILKNVGKAAGKAVLNTVTDMVNQ,ampep_pos
ALWKDVLKKIGTVALHAGKAALGAVADTISQ,ampep_pos
ALWKNMLKGIGKLAGKAALGAVKKLVGAES,ampep_pos
ALWKNMLKGIGKLAGQAALGAVKTLVGA,ampep_pos
ALWKNMLKGIGKLAGQAALGAVKTLVGAE,ampep_pos
ALWKNMLKGIGKLAGQAALGAVKTLVGAES,ampep_pos
ALWKTIIKGAGKMIGSLAKNLLGSQAQPES,ampep_pos
ALWKTLLKKVGKVAGKAVLNAVTNMANQNEQ,ampep_pos
ALWKTLLKNVGKAAGKAALNAVTDMVNQ,ampep_pos
ALWKTMLKKLGTMALHAGKAAFGAAADTISQ,ampep_pos
ALWKTMLKKLGTMALHAGKAALGAAADTISQGTQ,ampep_pos
ALWLAIRKR,ampep_pos
ALWMTLLKKVLKAAAKALNAVLVGANA,ampep_pos
