GLNALKKVFQGFHEAIKLINNHVQ,tox_negc,dbaasp
WGIRRILKYGKRS,tox_negc,dbaasp
AAAAGFEKGIDRDFEPVLFMTPLN,tox_negnc,toxinpred_neg_tr
AAAAGFEKGIDRDFEPVLSMTPLN,tox_negnc,toxinpred_neg_tr
AAAQPLPDDDDEAFE,tox_negnc,toxinpred_neg_tr
AAAYIGESMEGHH,tox_negnc,toxinpred_neg_tr
AACEVWKEIKFEFPAMDTL,tox_negnc,toxinpred_neg_tr
AAEAPSTNG,tox_negnc,toxinpred_neg_tr
AAEEAAPPAAAATAEP,tox_negnc,toxinpred_neg_tr
AAEEAAPPAATATAEGEAPP,tox_negnc,toxinpred_neg_tr
AAEGPSING,tox_negnc,toxinpred_neg_tr
AAEVPSING,tox_negnc,toxinpred_neg_tr
AAEVSSTNG,tox_negnc,toxinpred_neg_tr
AAFLALYLYFGPSFV,tox_negnc,toxinpred_neg_tr
AAFLGLYLYFGPSFV,tox_negnc,toxinpred_neg_tr
AAGEAPAING,tox_negnc,toxinpred_neg_tr
AAGFWKATGRDKGIYSKHDLIGMRK,tox_negnc,toxinpred_neg_tr
AAHMGKEGDATPFTDVT,tox_negnc,toxinpred_neg_tr
AAHMGKEGDATPFTDVTV,tox_negnc,toxinpred_neg_tr
AAHMGKEGDATPFTDVTVDN,tox_negnc,toxinpred_neg_tr
AAHMGKEGDATPFTDVTVDNISK,tox_negnc,toxinpred_neg_tr
AAIEAPAING,tox_negnc,toxinpred_neg_tr
AAIEAPSING,tox_negnc,toxinpred_neg_tr
AAIEAPSKNG,tox_negnc,toxinpred_neg_tr
AAIEAPSLNG,tox_negnc,toxinpred_neg_tr
AAIEAPSTKG,tox_negnc,toxinpred_neg_tr
AAIEAPSTNG,tox_negnc,toxinpred_neg_tr
AAIEAPTNG,tox_negnc,toxinpred_neg_tr
AAIEASSTNG,tox_negnc,toxinpred_neg_tr
AAIETPSTNG,tox_negnc,toxinpred_neg_tr
AAIEVPSLNG,tox_negnc,toxinpred_neg_tr
AAIEVPSTNG,tox_negnc,toxinpred_neg_tr
AAIKAFSLAKSISTRNSKSFFVRQTSNQNLE,tox_negnc,toxinpred_neg_tr
AAIQAPFING,tox_negnc,toxinpred_neg_tr
AAIQAPSING,tox_negnc,toxinpred_neg_tr
AAKDIKFGVEARALMLRGVEELADAVKVTM,tox_negnc,toxinpred_neg_tr
AALALGIANQLTNILRDVGE,tox_negnc,toxinpred_neg_tr
AALEAPRILNLNNNPYFKGTS,tox_negnc,toxinpred_neg_tr
AALEAPRILNLNNNPYFKGTY,tox_negnc,toxinpred_neg_tr
AALEAPSTNG,tox_negnc,toxinpred_neg_tr
AALEVPSING,tox_negnc,toxinpred_neg_tr
AALEVPSLNG,tox_negnc,toxinpred_neg_tr
AALKALSLGKSLSTGNSKSFFVR,tox_negnc,toxinpred_neg_tr
AALKALSLGKSLSTGNSKSFFVRQTQTK,tox_negnc,toxinpred_neg_tr
AALKVVSRITGREVLVRDTNRFHYFADGM,tox_negnc,toxinpred_neg_tr
AANIDYCCRTAKTIYGILGIKIWIFQPF,tox_negnc,toxinpred_neg_tr
AANLERLALPQIEDIVRASKRACYRSK,tox_negnc,toxinpred_neg_tr
AAPVVEVVAAPAAADD,tox_negnc,toxinpred_neg_tr
AAQPTRTVYDILRKAEFFKDKERTLS,tox_negnc,toxinpred_neg_tr
AAQSISYEIPLTLCVLSISLLSNSSSTVDIVEA,tox_negnc,toxinpred_neg_tr
AASSSPPASPYDPSKLHLGWFQ,tox_negnc,toxinpred_neg_tr
AATKFIAKITRRPIIVRDATRFHHFEDDF,tox_negnc,toxinpred_neg_tr
AATKFITKLVGRAIIVRDANRFHHFQDGL,tox_negnc,toxinpred_neg_tr
AATKMIAKIVNRRIIVRDMNRFHHFEDGS,tox_negnc,toxinpred_neg_tr
AATKYISKVTGREIIARDASRFHHFKDGV,tox_negnc,toxinpred_neg_tr
AAVEAISIDG,tox_negnc,toxinpred_neg_tr
AAVEANSING,tox_negnc,toxinpred_neg_tr
AAVEAPAING,tox_negnc,toxinpred_neg_tr
AAVEAPFING,tox_negnc,toxinpred_neg_tr
AAVEAPSING,tox_negnc,toxinpred_neg_tr
AAVEAPSTNG,tox_negnc,toxinpred_neg_tr
AAVEAPYTNG,tox_negnc,toxinpred_neg_tr
AAVELHLQMDNISVLVYTSF,tox_negnc,toxinpred_neg_tr
AAVEVPFTNG,tox_negnc,toxinpred_neg_tr
AAVEVPSIEG,tox_negnc,toxinpred_neg_tr
AAVEVPSING,tox_negnc,toxinpred_neg_tr
AAVEVPSTNG,tox_negnc,toxinpred_neg_tr
AAVEVSSTNG,tox_negnc,toxinpred_neg_tr
AAVIGDTIGDPLKDTSGPSLNILK,tox_negnc,toxinpred_neg_tr
AAVPENVKEASEWDIYWKSKQGGAKFDAGL,tox_negnc,toxinpred_neg_tr
AAVQAPAING,tox_negnc,toxinpred_neg_tr
AAYGHFGRDDPDFTWEVVKPLKWDNKVQA,tox_negnc,toxinpred_neg_tr
AAYIGESMEGHH,tox_negnc,toxinpred_neg_tr
ACDQPLSLNRLSTFWLHELRRLEIRAP,tox_negnc,toxinpred_neg_tr
ACEVWKEIKFEFEAMDTL,tox_negnc,toxinpred_neg_tr
ACEVWKEIKFEFQAMDTL,tox_negnc,toxinpred_neg_tr
ACGGISKYATPFSTPSIEAITEQLHRAGFSR,tox_negnc,toxinpred_neg_tr
ACGGISQYATPFSTPSIEAITEQLHRAGFSR,tox_negnc,toxinpred_neg_tr
ACGGTLKYATPFSTPSIEATTEQLHRAGFSR,tox_negnc,toxinpred_neg_tr
ACGGTLRYATPFATPSVESITEQLHRAGFCRWGNE,tox_negnc,toxinpred_neg_tr
ACGGTSKYATPFSTPSIEAITEQLHRAGFSR,tox_negnc,toxinpred_neg_tr
ACGGTSKYATPFSTPSIEATTEQLHRAGFSR,tox_negnc,toxinpred_neg_tr
ACGGTTKYATPFSTPSIEAITEQLHRAGFSR,tox_negnc,toxinpred_neg_tr
ACGRVFNFEAGPAMLPLE,tox_negnc,toxinpred_neg_tr
ACKWSPELAAACEVWKAIKFEFEPVDTIDK,tox_negnc,toxinpred_neg_tr
ACKWSPELAAACEVWKEIKFEFDTIDTL,tox_negnc,toxinpred_neg_tr
ACKWSPELAAACEVWKEITFNFPTIDKLDGQE,tox_negnc,toxinpred_neg_tr
ACLYAGINISGTNGEVMPGQWEYQVGPSVGIEA,tox_negnc,toxinpred_neg_tr
ADAGYAPAAPGTQPKA,tox_negnc,toxinpred_neg_tr
ADAGYAPATPAAAGAAAG,tox_negnc,toxinpred_neg_tr
ADAGYAPATPAAAGAEAGKA,tox_negnc,toxinpred_neg_tr
ADAGYAPATPATPAAGATPA,tox_negnc,toxinpred_neg_tr
ADAGYTPAAPAATGAGGDAT,tox_negnc,toxinpred_neg_tr
ADDPEAFAELKVKEIKNGRLAMFS,tox_negnc,toxinpred_neg_tr
ADDPVYDADGNKLVNRGYYI,tox_negnc,toxinpred_neg_tr
ADDPVYDAEGN,tox_negnc,toxinpred_neg_tr
ADDPVYDAEGNKLVNRGYYIIP,tox_negnc,toxinpred_neg_tr
ADEDLRLIRSSLPEAVE,tox_negnc,toxinpred_neg_tr
ADEKAQSATKEAEPAAPVGFTP,tox_negnc,toxinpred_neg_tr
ADENLRLIQSSLPEAVE,tox_negnc,toxinpred_neg_tr
ADENLRLIRSPLPEAVE,tox_negnc,toxinpred_neg_tr
ADENLRLIRSSLLEAVE,tox_negnc,toxinpred_neg_tr
AAAAPGAAGGAQLPLGNRERKAGCKNFFWKTFSSC,tox_negnc,toxinpred_neg_sp
AAAAPPRRGPSGPDA,tox_negnc,toxinpred_neg_sp
AAAGDNFMRF,tox_negnc,toxinpred_neg_sp
AAALSQAADNLR,tox_negnc,toxinpred_neg_sp
AAAPDIPIANVNA,tox_negnc,toxinpred_neg_sp
AAAPF,tox_negnc,toxinpred_neg_sp
AAASDNFMRF,tox_negnc,toxinpred_neg_sp
AADDVTVVIGSAAPMSGPQ,tox_negnc,toxinpred_neg_sp
AADIFAKFKTSMEVK,tox_negnc,toxinpred_neg_sp
AAGLFQFPRV,tox_negnc,toxinpred_neg_sp
AAGMGFFGAR,tox_negnc,toxinpred_neg_sp
AAGQDFMRF,tox_negnc,toxinpred_neg_sp
AAGQDNFMRF,tox_negnc,toxinpred_neg_sp
AAKIKKGDNVVVLTG,tox_negnc,toxinpred_neg_sp
AAKLLLNPKFRCKAAFC,tox_negnc,toxinpred_neg_sp
AAKPLDKSSSSLHHGYSKVHVP,tox_negnc,toxinpred_neg_sp
AAPGALEVLETSPDSFEDGSET,tox_negnc,toxinpred_neg_sp
AAPKATVRWCTISS,tox_negnc,toxinpred_neg_sp
AAQEGETLTVEETV,tox_negnc,toxinpred_neg_sp
AATAATAATAATAATAATAATAATAATAATA,tox_negnc,toxinpred_neg_sp
AATAATPATAATPARA,tox_negnc,toxinpred_neg_sp
AATAATPATAATPATAARA,tox_negnc,toxinpred_neg_sp
AAVPEAAAEATAEAAPVSEF,tox_negnc,toxinpred_neg_sp
AAVPSGASTGVYEALELRFRAPVEPY,tox_negnc,toxinpred_neg_sp
AAVSLLQNKLAYDGFLSK,tox_negnc,toxinpred_neg_sp
AAVTCIFMTLFGLSLGFALLKVQGE,tox_negnc,toxinpred_neg_sp
ACEVTQLAVCASAILGGTKPSGECCGNL,tox_negnc,toxinpred_neg_sp
ACSAG,tox_negnc,toxinpred_neg_sp
ACYCRIPACFAGERRYGTCFYLGRVWAFCC,tox_negnc,toxinpred_neg_sp
ACYCRIPACLAGERRYGTCFYMGRVWAFCC,tox_negnc,toxinpred_neg_sp
ADDSDPVGGEFLAEGGGVR,tox_negnc,toxinpred_neg_sp
ADEGFSATVRNGAV,tox_negnc,toxinpred_neg_sp
ADETCTDLTILTTQYIAGDFD,tox_negnc,toxinpred_neg_sp
ADGSDPAGGEFLAEGGGVR,tox_negnc,toxinpred_neg_sp
ADGSDPAGGEFLEAGGGVR,tox_negnc,toxinpred_neg_sp
ADGSDPASGEFLTEGGGVR,tox_negnc,toxinpred_neg_sp
ADGSDPASSEFLAEGGGVR,tox_negnc,toxinpred_neg_sp
ADGSDPVGGESLPDTGGAR,tox_negnc,toxinpred_neg_sp
ADKNFLRF,tox_negnc,toxinpred_neg_sp
ADKWWGEQLLGRGDDGDLWAVSAAPVTRGELRA,tox_negnc,toxinpred_neg_sp
ADLFLR,tox_negnc,toxinpred_neg_sp
ADLIQRRQRSEFQSDIKGILYTVIKKNPDL,tox_negnc,toxinpred_neg_sp
ADLTR,tox_negnc,toxinpred_neg_sp
ADNPGDDGN,tox_negnc,toxinpred_neg_sp
ADPPIHIASL,tox_negnc,toxinpred_neg_sp
ADRELHRSKA,tox_negnc,toxinpred_neg_sp
ADREPNHFVA,tox_negnc,toxinpred_neg_sp
ADSLTQFDGIKGRYSHEAFYEEKACDSCHLNK,tox_negnc,toxinpred_neg_sp
ADTGDGDFITEGGGVR,tox_negnc,toxinpred_neg_sp
ADTGEGEFLAEGGGVR,tox_negnc,toxinpred_neg_sp
ADVDFTGIADSIIK,tox_negnc,toxinpred_neg_sp
ADYLQLAR,tox_negnc,toxinpred_neg_sp
ADYLQLARA,tox_negnc,toxinpred_neg_sp
ADYLQLTRA,tox_negnc,toxinpred_neg_sp
ADYLRLARA,tox_negnc,toxinpred_neg_sp
AEAAAAPAPAAAPA,tox_negnc,toxinpred_neg_sp
AEAAGLLPFPRV,tox_negnc,toxinpred_neg_sp
AEELVKPYNGDPFVGHLSTP,tox_negnc,toxinpred_neg_sp
AEEQSFSSTKFSTDQPNLILQGDA,tox_negnc,toxinpred_neg_sp
AEFGPSQPFKGAK,tox_negnc,toxinpred_neg_sp
AEIDFSGIPEDIIKEIKETNAKPPA,tox_negnc,toxinpred_neg_sp
AEIDFSGIPEDIIKQIKETNAKPPA,tox_negnc,toxinpred_neg_sp
AEILFGDVRPPWMPPPIFPEMP,tox_negnc,toxinpred_neg_sp
AEKLEPVLPLIV,tox_negnc,toxinpred_neg_sp
AELPQGLWVRPRL,tox_negnc,toxinpred_neg_sp
AELPQGLWVRPRLG,tox_negnc,toxinpred_neg_sp
AENRERVMVQGEEENTKELTGIEFENGFISCMQN,tox_negnc,toxinpred_neg_sp
AEPLASQLKEPIAGGGWWAA,tox_negnc,toxinpred_neg_sp
AEPNVTVTGAAGQIGYALLFRI,tox_negnc,toxinpred_neg_sp
AEPRDQFK,tox_negnc,toxinpred_neg_sp
AEPVEPWS,tox_negnc,toxinpred_neg_sp
AESEAGDASPLVTEVLIGSPPGYVGYTEGG,tox_negnc,toxinpred_neg_sp
AESKKGFLPVIDKKDGYTFLYPFGGQEVSI,tox_negnc,toxinpred_neg_sp
AEVFKSEEGSVDFYGQLRPA,tox_negnc,toxinpred_neg_sp
AEVLMDFPQLTMTLPDGREESVMKLTTLVA,tox_negnc,toxinpred_neg_sp
AEVLMDFPQLTMTLPDGREESVMKRTTLVA,tox_negnc,toxinpred_neg_sp
AEVPMPLRQLTMTLPDGREESVMERTTLVA,tox_negnc,toxinpred_neg_sp
AEVQDKGEFLAEGGGVR,tox_negnc,toxinpred_neg_sp
AEVYNKDGNKLDIYGKAVGLHYFS,tox_negnc,toxinpred_neg_sp
AEYDVSDADIEAFYQ,tox_negnc,toxinpred_neg_sp
AEYPNDVNLTVYWDP,tox_negnc,toxinpred_neg_sp
AEYTLPDLGWDYAASGPG,tox_negnc,toxinpred_neg_sp
AFEIINDIK,tox_negnc,toxinpred_neg_sp
AFELPALPYAKDALEPHISA,tox_negnc,toxinpred_neg_sp
AFLTLTPGSHVDSYVEA,tox_negnc,toxinpred_neg_sp
AFNLRNRNFLKLLDFTPREIQYMIDLAIDL,tox_negnc,toxinpred_neg_sp
AFQLDTNLVESLQK,tox_negnc,toxinpred_neg_sp
AFQTSFVFQRFYETN,tox_negnc,toxinpred_neg_sp
AFSSWG,tox_negnc,toxinpred_neg_sp
AFVQEPLPY,tox_negnc,toxinpred_neg_sp
AGCKNFFWKTFTSC,tox_negnc,toxinpred_neg_sp
AGDDETLLKPVLNSLDNLVSGL,tox_negnc,toxinpred_neg_sp
AGDKPGDALLDEWLG,tox_negnc,toxinpred_neg_sp
AGDNDYNPIGEYGGVDKINDLTVYV,tox_negnc,toxinpred_neg_sp
AGDTSSEAKGMWFGPRL,tox_negnc,toxinpred_neg_sp
AGEGLSSPFWSLAAPQRF,tox_negnc,toxinpred_neg_sp
AGEPANNEDRFNY,tox_negnc,toxinpred_neg_sp
AGEPKLDAGV,tox_negnc,toxinpred_neg_sp
AGESSNEAKGMWFGPRL,tox_negnc,toxinpred_neg_sp
AGETHTVMINHAGRGAPKLVVGGKKLS,tox_negnc,toxinpred_neg_sp
